name,about,link,category_id,dataset,github,vintage
U.S. Department,U.S. Department of Agriculture's PLANTS Database,http://www.plants.usda.gov/dl_all.html,Agriculture,No,No,NA
1000 Genomes,1000 Genomes,http://www.1000genomes.org/data,Biology,No,No,NA
CCLE,Broad Cancer Cell Line Encyclopedia (CCLE),http://www.broadinstitute.org/ccle/home,Biology,No,No,NA
BBBC,Broad Bioimage Benchmark Collection (BBBC),https://www.broadinstitute.org/bbbc,Biology,No,No,NA
Cell Image,Cell Image Library,http://www.cellimagelibrary.org,Biology,No,No,NA
Complete Genomics,Complete Genomics Public Data,http://www.completegenomics.com/public-data/69-genomes/,Biology,No,No,NA
EBI ArrayExpress,EBI ArrayExpress,http://www.ebi.ac.uk/arrayexpress/,Biology,No,No,NA
EBI Protein,EBI Protein Data Bank in Europe,http://www.ebi.ac.uk/pdbe/emdb/index.html/,Biology,No,No,NA
EMPIAR,Electron Microscopy Pilot Image Archive (EMPIAR),http://www.ebi.ac.uk/pdbe/emdb/empiar/,Biology,No,No,NA
ENCODE project,ENCODE project,https://www.encodeproject.org,Biology,No,No,NA
Ensembl Genomes,Ensembl Genomes,http://ensemblgenomes.org/info/genomes,Biology,No,No,NA
GEO,Gene Expression Omnibus (GEO),http://www.ncbi.nlm.nih.gov/geo/,Biology,No,No,NA
GO,Gene Ontology (GO),http://geneontology.org/page/download-annotations,Biology,No,No,NA
HMS,Harvard Medical School (HMS) LINCS Project,http://lincs.hms.harvard.edu,Biology,No,No,NA
Human Genome,Human Genome Diversity Project,http://www.hagsc.org/hgdp/files.html,Biology,No,No,NA
HMP,Human Microbiome Project (HMP),http://www.hmpdacc.org/reference_genomes/reference_genomes.php,Biology,No,No,NA
ICOS PSP,ICOS PSP Benchmark,http://ico2s.org/datasets/psp_benchmark.html,Biology,No,No,NA
International HapMap,International HapMap Project,http://hapmap.ncbi.nlm.nih.gov/downloads/index.html.en,Biology,No,No,NA
Journal of,Journal of Cell Biology DataViewer,http://jcb-dataviewer.rupress.org,Biology,No,No,NA
MIT Cancer,MIT Cancer Genomics Data,http://www.broadinstitute.org/cgi-bin/cancer/datasets.cgi,Biology,No,No,NA
NCBI Proteins,NCBI Proteins,http://www.ncbi.nlm.nih.gov/guide/proteins/#databases,Biology,No,No,NA
NCBI Taxonomy,NCBI Taxonomy,http://www.ncbi.nlm.nih.gov/taxonomy,Biology,No,No,NA
BLANK,BLANK,http://bit.do/VVW6,Biology,No,No,NA
OpenSNP genotypes,OpenSNP genotypes data,https://opensnp.org/,Biology,No,No,NA
Pathguid,Pathguid - Protein-Protein Interactions Catalog,http://www.pathguide.org/,Biology,No,No,NA
Protein Data,Protein Data Bank,http://www.rcsb.org/,Biology,No,No,NA
Psychiatric Genomics,Psychiatric Genomics Consortium,https://www.med.unc.edu/pgc/downloads,Biology,No,No,NA
PubChem Project,PubChem Project,https://pubchem.ncbi.nlm.nih.gov/,Biology,No,No,NA
now Coremine Medical,PubGene (now Coremine Medical),http://www.pubgene.org/,Biology,No,No,NA
COSMIC,Sanger Catalogue of Somatic Mutations in Cancer (COSMIC),http://cancer.sanger.ac.uk/cosmic,Biology,No,No,NA
GDSC,Sanger Genomics of Drug Sensitivity in Cancer Project (GDSC),http://www.cancerrxgene.org/,Biology,No,No,NA
SRA,Sequence Read Archive(SRA),http://www.ncbi.nlm.nih.gov/Traces/sra/,Biology,No,No,NA
Stanford Microarray,Stanford Microarray Data,http://smd.stanford.edu/,Biology,No,No,NA
Stowers Institute,Stowers Institute Original Data Repository,http://www.stowers.org/research/publications/odr,Biology,No,No,NA
SSBD,Systems Science of Biological Dynamics (SSBD) Database,http://ssbd.qbic.riken.jp,Biology,No,No,NA
TCGA,"The Cancer Genome Atlas (TCGA), available via Broad GDAC",https://gdac.broadinstitute.org/,Biology,No,No,NA
The Catalogue,The Catalogue of Life,http://www.catalogueoflife.org/content/annual-checklist-archive,Biology,No,No,NA
BLANK,BLANK,http://www.personalgenomes.org/,Biology,No,No,NA
UCSC Public,UCSC Public Data,http://hgdownload.soe.ucsc.edu/downloads.html,Biology,No,No,NA
UnitProt,Universal Protein Resource (UnitProt),http://www.uniprot.org/downloads,Biology,No,No,NA
UniGene,UniGene,http://www.ncbi.nlm.nih.gov/unigene,Biology,No,No,NA
Australian Weather,Australian Weather,http://www.bom.gov.au/climate/dwo/,Climate/Weather,No,No,NA
Aviation Weather Center,"Aviation Weather Center - Consistent, timely and accurate weather information for the world airspace system",https://aviationweather.gov/adds/dataserver,Climate/Weather,No,No,NA
In Portuguese,Brazilian Weather - Historical data (In Portuguese),http://sinda.crn2.inpe.br/PCD/SITE/novo/site/,Climate/Weather,No,No,NA
Canadian Meteorological,Canadian Meteorological Centre,http://weather.gc.ca/grib/index_e.html,Climate/Weather,No,No,NA
updated monthly,Climate Data from UEA (updated monthly),https://crudata.uea.ac.uk/cru/data/temperature/#datterandftp://ftp.cmdl.noaa.gov/,Climate/Weather,No,No,NA
European Climate,European Climate Assessment & Dataset,http://eca.knmi.nl/,Climate/Weather,No,No,NA
NASA Global,NASA Global Imagery Browse Services,https://wiki.earthdata.nasa.gov/display/GIBS,Climate/Weather,No,No,NA
NOAA Bering,NOAA Bering Sea Climate,http://www.beringclimate.noaa.gov/,Climate/Weather,No,No,NA
NOAA Climate,NOAA Climate Datasets,http://www.ncdc.noaa.gov/data-access/quick-links,Climate/Weather,No,No,NA
NOAA Realtime,NOAA Realtime Weather Models,http://www.ncdc.noaa.gov/data-access/model-data/model-datasets/numerical-weather-prediction,Climate/Weather,No,No,NA
The World,The World Bank Open Data Resources for Climate Change,http://data.worldbank.org/developers/climate-data-api,Climate/Weather,No,No,NA
UEA Climatic,UEA Climatic Research Unit,http://www.cru.uea.ac.uk/data,Climate/Weather,No,No,NA
WorldClim,WorldClim - Global Climate Data,http://www.worldclim.org,Climate/Weather,No,No,NA
WU Historical,WU Historical Weather Worldwide,https://www.wunderground.com/history/index.html,Climate/Weather,No,No,NA
AMiner Citation,AMiner Citation Network Dataset,http://aminer.org/citation,Complex Networks,No,No,NA
CrossRef DOI,CrossRef DOI URLs,https://archive.org/details/doi-urls,Complex Networks,No,No,NA
DBLP Citation,DBLP Citation dataset,https://kdl.cs.umass.edu/display/public/DBLP,Complex Networks,No,No,NA
NBER Patent,NBER Patent Citations,http://nber.org/patents/,Complex Networks,No,No,NA
Network Repository,Network Repository with Interactive Exploratory Analysis Tools,http://networkrepository.com/,Complex Networks,No,No,NA
NIST complex,NIST complex networks data collection,http://math.nist.gov/~RPozo/complex_datasets.html,Complex Networks,No,No,NA
Protein-protein interaction,Protein-protein interaction network,http://vlado.fmf.uni-lj.si/pub/networks/data/bio/Yeast/Yeast.htm,Complex Networks,No,No,NA
PyPI and,PyPI and Maven Dependency Network,https://ogirardot.wordpress.com/2013/01/31/sharing-pypimaven-dependency-data/,Complex Networks,No,No,NA
Scopus Citation,Scopus Citation Database,https://www.elsevier.com/solutions/scopus,Complex Networks,No,No,NA
Small Network,Small Network Data,http://www-personal.umich.edu/~mejn/netdata/,Complex Networks,No,No,NA
Steven Skiena,Stanford GraphBase (Steven Skiena),http://www3.cs.stonybrook.edu/~algorith/implement/graphbase/implement.shtml,Complex Networks,No,No,NA
Stanford Large,Stanford Large Network Dataset Collection,http://snap.stanford.edu/data/,Complex Networks,No,No,NA
Stanford Longitudinal,Stanford Longitudinal Network Data Sources,http://stanford.edu/group/sonia/dataSources/index.html,Complex Networks,No,No,NA
The Koblenz,The Koblenz Network Collection,http://konect.uni-koblenz.de/,Complex Networks,No,No,NA
UNIMI,The Laboratory for Web Algorithmics (UNIMI),http://law.di.unimi.it/datasets.php,Complex Networks,No,No,NA
The Nexus,The Nexus Network Repository,http://nexus.igraph.org/,Complex Networks,No,No,NA
UCI Network,UCI Network Data Repository,https://networkdata.ics.uci.edu/resources.php,Complex Networks,No,No,NA
UFL sparse,UFL sparse matrix collection,http://www.cise.ufl.edu/research/sparse/matrices/,Complex Networks,No,No,NA
WSU Graph,WSU Graph Database,http://www.eecs.wsu.edu/mgd/gdb.html,Complex Networks,No,No,NA
DIMACS Road,DIMACS Road Networks Collection,http://www.dis.uniroma1.it/challenge9/download.shtml,Complex Networks,No,No,NA
CAIDA Internet,CAIDA Internet Datasets,http://www.caida.org/data/overview/,Computer Networks,No,No,NA
ClueWeb09,ClueWeb09 - 1B web pages,http://lemurproject.org/clueweb09/,Computer Networks,No,No,NA
ClueWeb12,ClueWeb12 - 733M web pages,http://lemurproject.org/clueweb12/,Computer Networks,No,No,NA
CommonCrawl Web,CommonCrawl Web Data over 7 years,http://commoncrawl.org/the-data/get-started/,Computer Networks,No,No,NA
CRAWDAD Wireless,CRAWDAD Wireless datasets from Dartmouth Univ.,https://crawdad.cs.dartmouth.edu/,Computer Networks,No,No,NA
Open Mobile,Open Mobile Data by MobiPerf,https://console.developers.google.com/storage/openmobiledata_public/,Computer Networks,No,No,NA
Rapid7 Sonar,Rapid7 Sonar Internet Scans,https://sonar.labs.rapid7.com/,Computer Networks,No,No,NA
UCSD Network,"UCSD Network Telescope, IPv4 /8 net",http://www.caida.org/projects/network_telescope/,Computer Networks,No,No,NA
BLANK,BLANK,http://students.depaul.edu/~yzheng8/DataSets.html#Data,Contextual Data,No,No,NA
Challenges in,Challenges in Machine Learning,http://www.chalearn.org/,Data Challenges,No,No,NA
CrowdANALYTIX dataX,CrowdANALYTIX dataX,http://data.crowdanalytix.com,Data Challenges,No,No,NA
D4D Challenge,D4D Challenge of Orange,http://www.d4d.orange.com/en/home,Data Challenges,No,No,NA
DrivenData Competitions,DrivenData Competitions for Social Good,http://www.drivendata.org/,Data Challenges,No,No,NA
Kaggle Competition,Kaggle Competition Data,https://www.kaggle.com/,Data Challenges,No,No,NA
Netflix Prize,Netflix Prize,http://netflixprize.com/leaderboard.html,Data Challenges,No,No,NA
Space Apps,Space Apps Challenge,https://2015.spaceappschallenge.org,Data Challenges,No,No,NA
Telecom Italia,Telecom Italia Big Data Challenge,https://dandelion.eu/datamine/open-big-data/,Data Challenges,No,No,NA
AQUASTAT,AQUASTAT - Global water resources and uses,http://www.fao.org/nr/water/aquastat/data/query/index.html?lang=en,Earth Science,No,No,NA
BODC,BODC - marine data of ~22K vars,http://www.bodc.ac.uk/data/where_to_find_data/,Earth Science,No,No,NA
Earth Models,Earth Models,http://www.earthmodels.org/,Earth Science,No,No,NA
EOSDIS,EOSDIS - NASA's earth observing system data,http://sedac.ciesin.columbia.edu/data/sets/browse,Earth Science,No,No,NA
BLANK,BLANK,https://imos.aodn.org.au,Earth Science,No,No,NA
Marinexplore,Marinexplore - Open Oceanographic Data,http://marinexplore.org/,Earth Science,No,No,NA
Smithsonian Institution,Smithsonian Institution Global Volcano and Eruption Database,http://volcano.si.edu/,Earth Science,No,No,NA
USGS Earthquake,USGS Earthquake Archives,http://earthquake.usgs.gov/earthquakes/search/,Earth Science,No,No,NA
AEA,American Economic Association (AEA),https://www.aeaweb.org/resources/data,Economics,No,No,NA
EconData from,EconData from UMD,http://inforumweb.umd.edu/econdata/econdata.html,Economics,No,No,NA
Economic Freedom,Economic Freedom of the World Data,http://www.freetheworld.com/datasets_efw.html,Economics,No,No,NA
Historical MacroEconomc,Historical MacroEconomc Statistics,http://www.historicalstatistics.org/,Economics,No,No,NA
BLANK,BLANK,http://widukind.cepremap.org/,Economics,No,No,NA
International Trade,International Trade Statistics,http://www.econostatistics.co.za/,Economics,No,No,NA
Internet Product,Internet Product Code Database,http://www.upcdatabase.com/,Economics,No,No,NA
Joint External,Joint External Debt Data Hub,http://www.jedh.org/,Economics,No,No,NA
Jon Haveman,Jon Haveman International Trade Data Links,http://www.macalester.edu/research/economics/PAGE/HAVEMAN/Trade.Resources/TradeData.html,Economics,No,No,NA
OpenCorporates Database,OpenCorporates Database of Companies in the World,https://opencorporates.com/,Economics,No,No,NA
Our World,Our World in Data,http://ourworldindata.org/,Economics,No,No,NA
SciencesPo World,SciencesPo World Trade Gravity Datasets,http://econ.sciences-po.fr/thierry-mayer/data,Economics,No,No,NA
The Atlas,The Atlas of Economic Complexity,http://atlas.cid.harvard.edu,Economics,No,No,NA
The Center,The Center for International Data,http://cid.econ.ucdavis.edu,Economics,No,No,NA
The Observatory,The Observatory of Economic Complexity,http://atlas.media.mit.edu/en/,Economics,No,No,NA
UN Commodity,UN Commodity Trade Statistics,http://comtrade.un.org/db/,Economics,No,No,NA
UN Human,UN Human Development Reports,http://hdr.undp.org/en,Economics,No,No,NA
Student Data,Student Data from Free Code Camp,http://academictorrents.com/details/030b10dad0846b5aecc3905692890fb02404adbf,Education,No,No,NA
AMPds,AMPds,http://ampds.org/,Energy,No,No,NA
BLUEd,BLUEd,http://nilm.cmubi.org/,Energy,No,No,NA
COMBED,COMBED,http://combed.github.io/,Energy,No,No,NA
Dataport,Dataport,https://dataport.pecanstreet.org/,Energy,No,No,NA
DRED,DRED,http://www.st.ewi.tudelft.nl/~akshay/dred/,Energy,No,No,NA
ECO,ECO,http://www.vs.inf.ethz.ch/res/show.html?what=eco-data,Energy,No,No,NA
EIA,EIA,http://www.eia.gov/electricity/data/eia923/,Energy,No,No,NA
BLANK,BLANK,http://randd.defra.gov.uk/Default.aspx?Menu=Menu&Module=More&Location=None&ProjectID=17359&FromSearch=Y&Publisher=1&SearchText=EV0702&SortString=ProjectCode&SortOrder=Asc&Paging=10#Description,Energy,No,No,NA
HFED,HFED,http://hfed.github.io/,Energy,No,No,NA
iAWE,iAWE,http://iawe.github.io/,Energy,No,No,NA
BLANK,BLANK,http://plaidplug.com/,Energy,No,No,NA
REDD,REDD,http://redd.csail.mit.edu/,Energy,No,No,NA
Tracebase,Tracebase,https://www.tracebase.org,Energy,No,No,NA
BLANK,BLANK,http://www.doc.ic.ac.uk/~dk3810/data/,Energy,No,No,NA
WHITED,WHITED,http://nilmworkshop.org/2016/proceedings/Poster_ID18.pdf,Energy,No,No,NA
CBOE Futures,CBOE Futures Exchange,http://cfe.cboe.com/Data/,Finance,No,No,NA
Google Finance,Google Finance,https://www.google.com/finance,Finance,No,No,NA
Google Trends,Google Trends,http://www.google.com/trends?q=google&ctab=0&geo=all&date=all&sort=0,Finance,No,No,NA
NASDAQ,NASDAQ,https://data.nasdaq.com/,Finance,No,No,NA
OANDA,OANDA,http://www.oanda.com/,Finance,No,No,NA
OSU Financial,OSU Financial data,http://fisher.osu.edu/fin/fdf/osudata.htm,Finance,No,No,NA
Quandl,Quandl,https://www.quandl.com/,Finance,No,No,NA
St Louis,St Louis Federal,https://research.stlouisfed.org/fred2/,Finance,No,No,NA
Yahoo Finance,Yahoo Finance,http://finance.yahoo.com/,Finance,No,No,NA
BLANK,BLANK,https://raw.githubusercontent.com/caesar0301/awesome-public-datasets/master/README.rst,Finance,No,No,NA
"Cambridge, MA,","Cambridge, MA, US, GIS data on GitHub",http://cambridgegis.github.io/gisdata.html,GIS,No,No,NA
Factual Global,Factual Global Location Data,https://www.factual.com/,GIS,No,No,NA
Geo Spatial,Geo Spatial Data from ASU,http://geodacenter.asu.edu/datalist/,GIS,No,No,NA
Geo Wiki Project,Geo Wiki Project - Citizen-driven Environmental Monitoring,http://geo-wiki.org/,GIS,No,No,NA
GeoFabrik,GeoFabrik - OSM data extracted to a variety of formats and areas,http://download.geofabrik.de/,GIS,No,No,NA
GeoNames Worldwide,GeoNames Worldwide,http://www.geonames.org/,GIS,No,No,NA
GADM,Global Administrative Areas Database (GADM),http://www.gadm.org/,GIS,No,No,NA
Homeland Infrastructure,Homeland Infrastructure Foundation-Level Data,https://hifld-dhs-gii.opendata.arcgis.com/,GIS,No,No,NA
Landsat 8,Landsat 8 on AWS,https://aws.amazon.com/public-data-sets/landsat/,GIS,No,No,NA
National Weather,National Weather Service GIS Data Portal,http://www.nws.noaa.gov/gis/,GIS,No,No,NA
Natural Earth,Natural Earth - vectors and rasters of the world,http://www.naturalearthdata.com/,GIS,No,No,NA
OpenAddresses,OpenAddresses,http://openaddresses.io/,GIS,No,No,NA
OSM,OpenStreetMap (OSM),http://wiki.openstreetmap.org/wiki/Downloading_data,GIS,No,No,NA
Pleiades,Pleiades - Gazetteer and graph of ancient places,http://pleiades.stoa.org/,GIS,No,No,NA
BLANK,BLANK,https://github.com/kno10/reversegeocode,GIS,No,No,NA
TIGER/Line,TIGER/Line - U.S. boundaries and roads,http://www.census.gov/geo/maps-data/data/tiger-line.html,GIS,No,No,NA
TZ Timezones,TZ Timezones shapfiles,http://efele.net/maps/tz/world/,GIS,No,No,NA
UN Environmental,UN Environmental Data,http://geodata.grid.unep.ch/,GIS,No,No,NA
World boundaries,World boundaries from  the U.S. Department of State,https://hiu.state.gov/data/data.aspx,GIS,No,No,NA
OpenDataSoft's list,"OpenDataSoft's list of 1,600 open data portals",https://www.opendatasoft.com/a-comprehensive-list-of-all-open-data-portals-around-the-world/,Government,No,No,NA
EHDP Large,EHDP Large Health Data Sets,http://www.ehdp.com/vitalnet/datasets.htm,Healthcare,No,No,NA
Gapminder World,Gapminder World demographic databases,http://www.gapminder.org/data/,Healthcare,No,No,NA
MCD,"Medicare Coverage Database (MCD), U.S.",https://www.cms.gov/medicare-coverage-database/,Healthcare,No,No,NA
Medicare Data,Medicare Data Engine of medicare.gov Data,https://data.medicare.gov/,Healthcare,No,No,NA
Medicare Data,Medicare Data File,http://go.cms.gov/19xxPN4,Healthcare,No,No,NA
"MeSH, the","MeSH, the vocabulary thesaurus used for indexing articles for PubMed",https://www.nlm.nih.gov/mesh/filelist.html,Healthcare,No,No,NA
structure of the UK NHS,Open-ODS (structure of the UK NHS),http://www.openods.co.uk,Healthcare,No,No,NA
"OpenPaymentsData, Healthcare","OpenPaymentsData, Healthcare financial relationship data",https://openpaymentsdata.cms.gov,Healthcare,No,No,NA
BLANK,BLANK,https://tcga-data.nci.nih.gov/tcga/tcgaDownload.jsp,Healthcare,No,No,NA
World Health,World Health Organization Global Health Observatory,http://www.who.int/gho/en/,Healthcare,No,No,NA
10k US,10k US Adult Faces Database,http://wilmabainbridge.com/facememorability2.html,Image Processing,No,No,NA
BLANK,BLANK,http://137.189.35.203/WebUI/CatDatabase/catData.html,Image Processing,No,No,NA
Affective Image,Affective Image Classification,http://www.imageemotion.org/,Image Processing,No,No,NA
Animals with,Animals with attributes,http://attributes.kyb.tuebingen.mpg.de/,Image Processing,No,No,NA
Face Recognition,Face Recognition Benchmark,http://www.face-rec.org/databases/,Image Processing,No,No,NA
in WordNet hierarchy,ImageNet (in WordNet hierarchy),http://www.image-net.org/,Image Processing,No,No,NA
Indoor Scene,Indoor Scene Recognition,http://web.mit.edu/torralba/www/indoor.html,Image Processing,No,No,NA
International Affective,"International Affective Picture System, UFL",http://csea.phhp.ufl.edu/media/iapsmessage.html,Image Processing,No,No,NA
Massive Visual,"Massive Visual Memory Stimuli, MIT",http://cvcl.mit.edu/MM/stimuli.html,Image Processing,No,No,NA
Several Shape-from-Silhouette,Several Shape-from-Silhouette Datasets,http://kaiwolf.no-ip.org/3d-model-repository.html,Image Processing,No,No,NA
Stanford Dogs,Stanford Dogs Dataset,http://vision.stanford.edu/aditya86/ImageNetDogs/,Image Processing,No,No,NA
"SUN database,","SUN database, MIT",http://groups.csail.mit.edu/vision/SUN/hierarchy.html,Image Processing,No,No,NA
The Oxford-IIIT,The Oxford-IIIT Pet Dataset,http://www.robots.ox.ac.uk/~vgg/data/pets/,Image Processing,No,No,NA
YouTube Faces,YouTube Faces Database,http://www.cs.tau.ac.il/~wolf/ytfaces/,Image Processing,No,No,NA
Adience Unfiltered,Adience Unfiltered faces for gender and age classification,http://www.openu.ac.il/home/hassner/Adience/data.html,Image Processing,No,No,NA
ASLAN,The Action Similarity Labeling (ASLAN) Challenge,http://www.openu.ac.il/home/hassner/data/ASLAN/ASLAN.html,Image Processing,No,No,NA
Violent-Flows,Violent-Flows - Crowd Violence Non-violence Database and benchmark,http://www.openu.ac.il/home/hassner/data/violentflows/,Image Processing,No,No,NA
Univ. of Toronto,Delve Datasets for classification and regression (Univ. of Toronto),http://www.cs.toronto.edu/~delve/data/datasets.html,Machine Learning,No,No,NA
Discogs Monthly,Discogs Monthly Data,http://data.discogs.com/,Machine Learning,No,No,NA
IMDb Database,IMDb Database,http://www.imdb.com/interfaces,Machine Learning,No,No,NA
Keel Repository,"Keel Repository for classification, regression and time series",http://sci2s.ugr.es/keel/datasets.php,Machine Learning,No,No,NA
LFW,Labeled Faces in the Wild (LFW),http://vis-www.cs.umass.edu/lfw/,Machine Learning,No,No,NA
Lending Club,Lending Club Loan Data,https://www.lendingclub.com/info/download-data.action,Machine Learning,No,No,NA
Machine Learning,Machine Learning Data Set Repository,http://mldata.org/,Machine Learning,No,No,NA
Million Song,Million Song Dataset,http://labrosa.ee.columbia.edu/millionsong/,Machine Learning,No,No,NA
More Song,More Song Datasets,http://labrosa.ee.columbia.edu/millionsong/pages/additional-datasets,Machine Learning,No,No,NA
MovieLens Data,MovieLens Data Sets,http://grouplens.org/datasets/movielens/,Machine Learning,No,No,NA
RDataMining,"RDataMining - ""R and Data Mining"" ebook data",http://www.rdatamining.com/data,Machine Learning,No,No,NA
Registered Meteorites,Registered Meteorites on Earth,http://healthintelligence.drupalgardens.com/content/registered-meteorites-has-impacted-earth-visualized,Machine Learning,No,No,NA
Restaurants Health,Restaurants Health Score Data in San Francisco,http://missionlocal.org/san-francisco-restaurant-health-inspections/,Machine Learning,No,No,NA
UCI Machine,UCI Machine Learning Repository,http://archive.ics.uci.edu/ml/,Machine Learning,No,No,NA
Yahoo! Ratings,Yahoo! Ratings and Classification Data,http://webscope.sandbox.yahoo.com/catalog.php?datatype=r,Machine Learning,No,No,NA
Canada Science,Canada Science and Technology Museums Corporation's Open Data,http://techno-science.ca/en/data.php,Museums,No,No,NA
London,Natural History Museum (London) Data Portal,http://data.nhm.ac.uk/,Museums,No,No,NA
Rijksmuseum Historical,Rijksmuseum Historical Art Collection,https://www.rijksmuseum.nl/en/api,Museums,No,No,NA
The Getty,The Getty vocabularies,http://vocab.getty.edu,Museums,No,No,NA
Blogger Corpus,Blogger Corpus,http://u.cs.biu.ac.il/~koppel/BlogCorpus.htm,Natural Language,No,No,NA
CLiPS Stylometry,CLiPS Stylometry Investigation Corpus,http://www.clips.uantwerpen.be/datasets/csi-corpus,Natural Language,No,No,NA
ClueWeb09 FACC,ClueWeb09 FACC,http://lemurproject.org/clueweb09/FACC1/,Natural Language,No,No,NA
ClueWeb12 FACC,ClueWeb12 FACC,http://lemurproject.org/clueweb12/FACC1/,Natural Language,No,No,NA
DBpedia,DBpedia - 4.58M things with 583M facts,http://wiki.dbpedia.org/Datasets,Natural Language,No,No,NA
Flickr Personal,Flickr Personal Taxonomies,http://www.isi.edu/~lerman/downloads/flickr/flickr_taxonomies.html,Natural Language,No,No,NA
Freebase.com of,"Freebase.com of people, places, and things",http://www.freebase.com/,Natural Language,No,No,NA
2.2TB,Google Books Ngrams (2.2TB),https://aws.amazon.com/datasets/google-books-ngrams/,Natural Language,No,No,NA
Gutenberg eBooks,Gutenberg eBooks List,http://www.gutenberg.org/wiki/Gutenberg:Offline_Catalogs,Natural Language,No,No,NA
Hansards text,Hansards text chunks of Canadian Parliament,http://www.isi.edu/natural-language/download/hansard/,Natural Language,No,No,NA
MCTest,Machine Comprehension Test (MCTest) of text from Microsoft Research,http://research.microsoft.com/en-us/um/redmond/projects/mctest/index.html,Natural Language,No,No,NA
Machine Translation,Machine Translation of European languages,http://statmt.org/wmt11/translation-task.html#download,Natural Language,No,No,NA
Personae Corpus,Personae Corpus,http://www.clips.uantwerpen.be/datasets/personae-corpus,Natural Language,No,No,NA
SMS Spam,SMS Spam Collection in English,http://www.dt.fee.unicamp.br/~tiago/smsspamcollection/,Natural Language,No,No,NA
Wikidata,Wikidata - Wikipedia databases,https://www.wikidata.org/wiki/Wikidata:Database_download,Natural Language,No,No,NA
Wikipedia Links data,Wikipedia Links data - 40 Million Entities in Context,https://code.google.com/p/wiki-links/downloads/list,Natural Language,No,No,NA
Universal Dependencies,Universal Dependencies,http://universaldependencies.org,Natural Language,No,No,NA
WordNet databases,WordNet databases and tools,http://wordnet.princeton.edu/wordnet/download/,Natural Language,No,No,NA
Open Multilingual,Open Multilingual Wordnet,http://compling.hss.ntu.edu.sg/omw/,Natural Language,No,No,NA
Allen Institute,Allen Institute Datasets,http://www.brain-map.org/,Neuroscience,No,No,NA
Brain Catalogue,Brain Catalogue,http://braincatalogue.org/,Neuroscience,No,No,NA
Brainomics,Brainomics,http://brainomics.cea.fr/localizer,Neuroscience,No,No,NA
CodeNeuro Datasets,CodeNeuro Datasets,http://datasets.codeneuro.org/,Neuroscience,No,No,NA
CRCNS,Collaborative Research in Computational Neuroscience (CRCNS),http://crcns.org/data-sets,Neuroscience,No,No,NA
FCP-INDI,FCP-INDI,http://fcon_1000.projects.nitrc.org/index.html,Neuroscience,No,No,NA
Human Connectome,Human Connectome Project,http://www.humanconnectome.org/data/,Neuroscience,No,No,NA
NDAR,NDAR,https://ndar.nih.gov/,Neuroscience,No,No,NA
NIMH Data,NIMH Data Archive,http://data-archive.nimh.nih.gov/,Neuroscience,No,No,NA
NeuroData,NeuroData,http://neurodata.io,Neuroscience,No,No,NA
OASIS,OASIS,http://www.oasis-brains.org/,Neuroscience,No,No,NA
OpenfMRI,OpenfMRI,https://openfmri.org/,Neuroscience,No,No,NA
Neuroelectro,Neuroelectro,http://neuroelectro.org/,Neuroscience,No,No,NA
Study Forrest,Study Forrest,http://studyforrest.org,Neuroscience,No,No,NA
CERN Open,CERN Open Data Portal,http://opendata.cern.ch/,Physics,No,No,NA
Crystallography Open,Crystallography Open Database,http://www.crystallography.net/,Physics,No,No,NA
NASA Exoplanet,NASA Exoplanet Archive,http://exoplanetarchive.ipac.caltech.edu/,Physics,No,No,NA
NASA,NSSDC (NASA) data of 550 space spacecraft,http://nssdc.gsfc.nasa.gov/nssdc/obtaining_data.html,Physics,No,No,NA
SDSS,Sloan Digital Sky Survey (SDSS) - Mapping the Universe,http://www.sdss.org/,Physics,No,No,NA
OSU Cognitive,OSU Cognitive Modeling Repository Datasets,http://www.cmr.osu.edu/browse/datasets,Psychology/Cognition,No,No,NA
Amazon,Amazon,http://aws.amazon.com/datasets/,Public Domains,No,No,NA
Archive-it from,Archive-it from Internet Archive,https://www.archive-it.org/explore?show=Collections,Public Domains,No,No,NA
Archive.org Datasets,Archive.org Datasets,https://archive.org/details/datasets,Public Domains,No,No,NA
CMU JASA,CMU JASA data archive,http://lib.stat.cmu.edu/jasadata/,Public Domains,No,No,NA
CMU StatLab,CMU StatLab collections,http://lib.stat.cmu.edu/datasets/,Public Domains,No,No,NA
Data360,Data360,http://www.data360.org/index.aspx,Public Domains,No,No,NA
Datamob.org,Datamob.org,http://datamob.org/datasets,Public Domains,No,No,NA
Google,Google,http://www.google.com/publicdata/directory,Public Domains,No,No,NA
Infochimps,Infochimps,http://www.infochimps.com/,Public Domains,No,No,NA
KDNuggets Data,KDNuggets Data Collections,http://www.kdnuggets.com/datasets/index.html,Public Domains,No,No,NA
Microsoft Azure,Microsoft Azure Data Market Free DataSets,http://datamarket.azure.com/browse/data?price=free,Public Domains,No,No,NA
Numbray,Numbray,http://numbrary.com/,Public Domains,No,No,NA
Open Library,Open Library Data Dumps,https://openlibrary.org/developers/dumps,Public Domains,No,No,NA
Reddit Datasets,Reddit Datasets,https://www.reddit.com/r/datasets,Public Domains,No,No,NA
RevolutionAnalytics Collection,RevolutionAnalytics Collection,http://packages.revolutionanalytics.com/datasets/,Public Domains,No,No,NA
Sample R,Sample R data sets,http://stat.ethz.ch/R-manual/R-patched/library/datasets/html/00Index.html,Public Domains,No,No,NA
Stats4Stem R,Stats4Stem R data sets,http://www.stats4stem.org/data-sets.html,Public Domains,No,No,NA
StatSci.org,StatSci.org,http://www.statsci.org/datasets.html,Public Domains,No,No,NA
The Washington,The Washington Post List,http://www.washingtonpost.com/wp-srv/metro/data/datapost.html,Public Domains,No,No,NA
UCLA SOCR,UCLA SOCR data collection,http://wiki.stat.ucla.edu/socr/index.php/SOCR_Data,Public Domains,No,No,NA
UFO Reports,UFO Reports,http://www.nuforc.org/webreports.html,Public Domains,No,No,NA
Wikileaks 911,Wikileaks 911 pager intercepts,https://911.wikileaks.org/files/index.html,Public Domains,No,No,NA
Yahoo Webscope,Yahoo Webscope,http://webscope.sandbox.yahoo.com/catalog.php,Public Domains,No,No,NA
Academic Torrents,Academic Torrents of data sharing from UMB,http://academictorrents.com/,Search Engines,No,No,NA
Qlik,DataMarket (Qlik),https://datamarket.com/data/list/?q=all,Search Engines,No,No,NA
Harvard Dataverse,Harvard Dataverse Network of scientific data,https://dataverse.harvard.edu/,Search Engines,No,No,NA
UMICH,ICPSR (UMICH),http://www.icpsr.umich.edu/icpsrweb/ICPSR/index.jsp,Search Engines,No,No,NA
Institute of,Institute of Education Sciences,http://eric.ed.gov,Search Engines,No,No,NA
National Technical,National Technical Reports Library,http://www.ntis.gov/products/ntrl/,Search Engines,No,No,NA
beta,Open Data Certificates (beta),https://certificates.theodi.org/en/datasets,Search Engines,No,No,NA
OpenDataNetwork,OpenDataNetwork - A search engine of all Socrata powered data portals,http://www.opendatanetwork.com/,Search Engines,No,No,NA
Statista.com,Statista.com - statistics and Studies,http://www.statista.com/,Search Engines,No,No,NA
Zenodo,Zenodo - An open dependable home for the long-tail of science,https://zenodo.org/collection/datasets,Search Engines,No,No,NA
72 hours,72 hours #gamergate Twitter Scrape,http://waxy.org/random/misc/gamergate_tweets.csv,Social Networks,No,No,NA
Ancestry.com Forum,Ancestry.com Forum Dataset over 10 years,http://www.cs.cmu.edu/~jelsas/data/ancestry.com/,Social Networks,No,No,NA
CMU Enron,CMU Enron Email of 150 users,http://www.cs.cmu.edu/~enron/,Social Networks,No,No,NA
EDRM Enron,"EDRM Enron EMail of 151 users, hosted on S3",https://aws.amazon.com/datasets/enron-email-data/,Social Networks,No,No,NA
GetGlue,GetGlue - users rating TV shows,http://getglue-data.s3.amazonaws.com/getglue_sample.tar.gz,Social Networks,No,No,NA
GitHub Collaboration,GitHub Collaboration Archive,https://www.githubarchive.org/,Social Networks,No,No,NA
Google Scholar,Google Scholar citation relations,http://www3.cs.stonybrook.edu/~leman/data/gscholar.db,Social Networks,No,No,NA
High-Resolution Contact,High-Resolution Contact Networks from Wearable Sensors,http://www.sociopatterns.org/datasets/,Social Networks,No,No,NA
Mobile Social,Mobile Social Networks from UMASS,https://kdl.cs.umass.edu/display/public/Mobile+Social+Networks,Social Networks,No,No,NA
Network Twitter,Network Twitter Data,http://snap.stanford.edu/data/higgs-twitter.html,Social Networks,No,No,NA
Reddit Comments,Reddit Comments,https://www.reddit.com/r/datasets/comments/3bxlg7/i_have_every_publicly_available_reddit_comment/,Social Networks,No,No,NA
Social Twitter,Social Twitter Data,http://snap.stanford.edu/data/egonets-Twitter.html,Social Networks,No,No,NA
SourceForge.net Research,SourceForge.net Research Data,http://www3.nd.edu/~oss/Data/data.html,Social Networks,No,No,NA
Twitter Data,Twitter Data for Sentiment Analysis,http://help.sentiment140.com/for-students/,Social Networks,No,No,NA
Twitter Data,Twitter Data for Online Reputation Management,http://nlp.uned.es/replab2013/,Social Networks,No,No,NA
Twitter Graph,Twitter Graph of entire Twitter site,http://an.kaist.ac.kr/traces/WWW2010.html,Social Networks,No,No,NA
UNIMI/LAW Social,UNIMI/LAW Social Network Datasets,http://law.di.unimi.it/datasets.php,Social Networks,No,No,NA
Yahoo! Graph,Yahoo! Graph and Social Data,http://webscope.sandbox.yahoo.com/catalog.php?datatype=g,Social Networks,No,No,NA
Armed Conflict Location & Event Data Project,ACLED (Armed Conflict Location & Event Data Project),http://www.acleddata.com/,Social Sciences,No,No,NA
Canadian Legal,Canadian Legal Information Institute,https://www.canlii.org/en/index.php,Social Sciences,No,No,NA
Center for Systemic Peace Datasets,"Center for Systemic Peace Datasets - Conflict Trends, Polities, State Fragility, etc",http://www.systemicpeace.org/,Social Sciences,No,No,NA
Correlates of,Correlates of War Project,http://www.correlatesofwar.org/,Social Sciences,No,No,NA
Cryptome Conspiracy,Cryptome Conspiracy Theory Items,http://cryptome.org,Social Sciences,No,No,NA
Datacards,Datacards,http://datacards.org,Social Sciences,No,No,NA
European Social,European Social Survey,http://www.europeansocialsurvey.org/data/,Social Sciences,No,No,NA
GDELT Global,GDELT Global Events Database,http://gdeltproject.org/data.html,Social Sciences,No,No,NA
German Social,German Social Survey,http://www.gesis.org/en/home/,Social Sciences,No,No,NA
Global Religious,Global Religious Futures Project,http://www.globalreligiousfutures.org/,Social Sciences,No,No,NA
Humanitarian Data,Humanitarian Data Exchange,https://data.hdx.rwlabs.org/,Social Sciences,No,No,NA
Institute for,Institute for Demographic Studies,http://www.ined.fr/en/,Social Sciences,No,No,NA
International Networks,International Networks Archive,http://www.princeton.edu/~ina/,Social Sciences,No,No,NA
International Social,International Social Survey Program ISSP,http://www.issp.org,Social Sciences,No,No,NA
International Studies,International Studies Compendium Project,http://www.isacompendium.com/public/,Social Sciences,No,No,NA
James McGuire,James McGuire Cross National Data,http://jmcguire.faculty.wesleyan.edu/welcome/cross-national-data/,Social Sciences,No,No,NA
MacroData Guide,MacroData Guide by Norsk samfunnsvitenskapelig datatjeneste,http://nsd.uib.no,Social Sciences,No,No,NA
Minnesota Population,Minnesota Population Center,https://www.ipums.org/,Social Sciences,No,No,NA
MIT Reality,MIT Reality Mining Dataset,http://realitycommons.media.mit.edu/realitymining.html,Social Sciences,No,No,NA
Open Crime,"Open Crime and Policing Data in England, Wales and Northern Ireland",https://data.police.uk/data/,Social Sciences,No,No,NA
Paul Hensel,Paul Hensel General International Data Page,http://www.paulhensel.org/dataintl.html,Social Sciences,No,No,NA
PewResearch Internet,PewResearch Internet Survey Project,http://www.pewinternet.org/datasets/pages/2/,Social Sciences,No,No,NA
PewResearch Society,PewResearch Society Data Collection,http://www.pewresearch.org/data/download-datasets/,Social Sciences,No,No,NA
Political Polarity,Political Polarity Data,http://www3.cs.stonybrook.edu/~leman/data/14-icwsm-political-polarity-data.zip,Social Sciences,No,No,NA
StackExchange Data,StackExchange Data Explorer,http://data.stackexchange.com/help,Social Sciences,No,No,NA
Terrorism Research,Terrorism Research and Analysis Consortium,http://www.trackingterrorism.org/,Social Sciences,No,No,NA
BLANK,BLANK,https://github.com/caesar0301/awesome-public-datasets/tree/master/Datasets,Social Sciences,No,No,NA
D-Lab,UCB's Archive of Social Science Data (D-Lab),http://ucdata.berkeley.edu/,Social Sciences,No,No,NA
Uppsala Conflict,Uppsala Conflict Data Program,http://ucdp.uu.se/,Social Sciences,No,No,NA
UCLA Social,UCLA Social Sciences Data Archive,http://dataarchives.ss.ucla.edu/Home.DataPortals.htm,Social Sciences,No,No,NA
UN Civil,UN Civil Society Database,http://esango.un.org/civilsociety/,Social Sciences,No,No,NA
Universities Worldwide,Universities Worldwide,http://univ.cc/,Social Sciences,No,No,NA
UPJOHN for,UPJOHN for Labor Employment Research,http://www.upjohn.org/services/resources/employment-research-data-center,Social Sciences,No,No,NA
World Bank,World Bank Data,http://data.worldbank.org/,Social Sciences,No,No,NA
WorldPop project,WorldPop project - Worldwide human population distributions,http://www.worldpop.org.uk/data/get_data/,Social Sciences,No,No,NA
FLOSSmole data,"FLOSSmole data about free, libre, and open source software development",http://flossdata.syr.edu/data/,Software,No,No,NA
NBA/NCAA/Euro,Basketball (NBA/NCAA/Euro) Player Database and Statistics,http://www.draftexpress.com/stats.php,Sports,No,No,NA
Betfair Historical,Betfair Historical Exchange Data,http://data.betfair.com/,Sports,No,No,NA
cricket,Cricsheet Matches (cricket),http://cricsheet.org/,Sports,No,No,NA
data and APIs,Football/Soccer resources (data and APIs),http://www.jokecamp.com/blog/guide-to-football-and-soccer-data-and-apis/,Sports,No,No,NA
Lahman's Baseball,Lahman's Baseball Database,http://www.seanlahman.com/baseball-archive/statistics/,Sports,No,No,NA
Retrosheet Baseball,Retrosheet Baseball Statistics,http://www.retrosheet.org/game.htm,Sports,No,No,NA
Databanks International,Databanks International Cross National Time Series Data Archive,http://www.cntsdata.com,Time Series,No,No,NA
Hard Drive,Hard Drive Failure Rates,https://www.backblaze.com/hard-drive-test-data.html,Time Series,No,No,NA
Heart Rate,Heart Rate Time Series from MIT,http://ecg.mit.edu/time-series/,Time Series,No,No,NA
TSDL,Time Series Data Library (TSDL) from MU,https://datamarket.com/data/list/?q=provider:tsdl,Time Series,No,No,NA
UC Riverside,UC Riverside Time Series Dataset,http://www.cs.ucr.edu/~eamonn/time_series_data/,Time Series,No,No,NA
Bay Area,Bay Area Bike Share Data,http://www.bayareabikeshare.com/open-data,Transportation,No,No,NA
GeoLife GPS,GeoLife GPS Trajectory from Microsoft Research,http://research.microsoft.com/en-us/downloads/b16d359d-d164-469e-9fd4-daa38f2b2e13/,Transportation,No,No,NA
German train,German train system by Deutsche Bahn,http://data.deutschebahn.com/datasets/,Transportation,No,No,NA
Hubway Million,Hubway Million Rides in MA,http://hubwaydatachallenge.org/trip-history-data/,Transportation,No,No,NA
Marine Traffic,"Marine Traffic - ship tracks, port calls and more",http://www.marinetraffic.com/de/ais-api-services,Transportation,No,No,NA
Montreal BIXI,Montreal BIXI Bike Share,https://montreal.bixi.com/donn%C3%A9es-libre-service,Transportation,No,No,NA
OpenFlights,"OpenFlights - airport, airline and route data",http://openflights.org/data.html,Transportation,No,No,NA
JSON,Philadelphia Bike Share Stations (JSON),https://www.rideindego.com/stations/json/,Transportation,No,No,NA
RITA Airline,RITA Airline On-Time Performance data,http://www.transtats.bts.gov/Tables.asp?DB_ID=120,Transportation,No,No,NA
TranStat,RITA/BTS transport data collection (TranStat),http://www.transtats.bts.gov/DataIndex.asp,Transportation,No,No,NA
XML file,Toronto Bike Share Stations (XML file),http://www.bikesharetoronto.com/data/stations/bikeStations.xml,Transportation,No,No,NA
TFL,Transport for London (TFL),https://tfl.gov.uk/info-for/open-data-users/data-feeds,Transportation,No,No,NA
TTS,Travel Tracker Survey (TTS) for Chicago,http://www.cmap.illinois.gov/data/transportation/travel-tracker-survey,Transportation,No,No,NA
BTS,U.S. Bureau of Transportation Statistics (BTS),http://www.rita.dot.gov/bts/,Transportation,No,No,NA
Database of,Database of Scientific Code Contributions,https://mozillascience.org/collaborate,Complementary Collections,No,No,NA
BLANK,BLANK,http://www.datawrangling.com/some-datasets-available-on-the-web,Complementary Collections,No,No,NA
BLANK,BLANK,http://www.inside-r.org/howto/finding-data-internet,Complementary Collections,No,No,NA
BLANK,BLANK,http://opendatamonitor.eu,Complementary Collections,No,No,NA
BLANK,BLANK,http://www.quora.com/Where-can-I-find-large-datasets-open-to-the-public,Complementary Collections,No,No,NA
BLANK,BLANK,http://rs.io/100-interesting-data-sets-for-statistics/,Complementary Collections,No,No,NA
BLANK,BLANK,http://xiaming.me/posts/2014/10/23/leveraging-open-data-to-understand-urban-lives/,Complementary Collections,No,No,NA
